Id,Label,twitter_author_id,gender,city
1,Olang_Moses,4083458907.0,prefer not to say,Nairobi
2,CaesarToreto,1.357591577925935e+18,prefer not to say,Nairobi
3,kirubimuigai,7.296242459915182e+17,prefer not to say,Nairobi
4,125__iconic,1.533716420772647e+18,prefer not to say,Kericho
5,Bonniedes,1.524933644879536e+18,prefer not to say,Nanyuki
6,EyanoEyano,325490910.0,prefer not to say,Nairobi
7,dickensjoh,1.3855075607913636e+18,prefer not to say,Nakuru
8,machirabrian,4460304316.0,prefer not to say,Nairobi
9,1stDarwin,2342778935.0,male,Nairobi
10,celleboboh,9.177732251735818e+17,prefer not to say,Nairobi
11,MishBosslady__,634459233.0,prefer not to say,Nairobi
12,KThefirst,2165457905.0,male,Nairobi
13,Denoh__,422110293.0,prefer not to say,Nairobi
14,RutoJoel,356347460.0,male,Nairobi
15,BraqueGeorges,337594729.0,male,Nairobi
16,ygwaweru,4715797281.0,male,Nairobi
17,ApparentKenyan,1.4577210244857324e+18,prefer not to say,Nairobi
18,twambari,275562803.0,male,Nairobi
19,MugambiNick,982924514.0,male,Nairobi
20,randyke1,9.640786055329137e+17,prefer not to say,Nakuru
21,SangKelvin01,1.077301359949566e+18,female,Nairobi
22,Giddy_Traitor_9,2997498100.0,prefer not to say,Nairobi
23,EWitness,1.237456473359356e+18,prefer not to say,Nairobi
24,finance_notes21,1.2275606573038674e+18,prefer not to say,Nairobi
25,blessedjackey,3246542092.0,prefer not to say,Nairobi
26,KYKiamba,383720798.0,prefer not to say,Nairobi
27,TevinMacharia,1.4450905911556588e+18,prefer not to say,Machakos
28,RutoZedekia,1.3670559071133368e+18,prefer not to say,Nairobi
29,mwangiwamso,147566735.0,prefer not to say,Nairobi
30,ASBELKEMBOI7,1.4840890316254822e+18,prefer not to say,Eldoret
31,MaimunaSaid7,1.5014584643542794e+18,prefer not to say,Mombasa
32,khanhussein20,2889508539.0,prefer not to say,Nairobi
33,Pauline34677965,1.5228516176614646e+18,female,Nairobi
34,Geffnuthskey,440172735.0,prefer not to say,Nakuru
35,JohnMulu12,1.259473093166334e+18,prefer not to say,Nairobi
36,Dizzy_Snazzy,2264467486.0,prefer not to say,Eldoret
37,RaswilliEms69,9.025193842535752e+17,prefer not to say,Nairobi
38,dkdaniek5,339547323.0,prefer not to say,Nairobi
39,Rashidhatibu254,9.146283822220576e+17,male,Nairobi
40,IsoeKenty,4008191729.0,prefer not to say,Nairobi
41,KaranjaNjau,7.839496701208207e+17,male,Nakuru
42,dkoech79,7.962291316629791e+17,male,Nairobi
43,nya20sa1,1.3141672162759393e+18,male,Nairobi
44,KenyaKwanza2022,1.2409192306122138e+18,female,Nairobi
45,254Mish,4392898757.0,prefer not to say,Nairobi
46,kiruiericky,2906803496.0,male,Nakuru
47,Mwaistanley2,9.53297736924885e+17,male,Nairobi
48,tituskimanthi,585863716.0,male,Nairobi
49,evansktoo15,7.038467146338796e+17,prefer not to say,Naivasha
50,Tonipassiany,566181766.0,male,Nairobi
51,LangatBismark1,1.1413574013098968e+18,prefer not to say,Nairobi
52,Honkorirsammy,1.20750209941785e+18,male,Nairobi
53,KalyaGs,1.2769960069876613e+18,prefer not to say,Mombasa
54,Robaa82,501725961.0,prefer not to say,Nairobi
55,Kerichmarley,487523593.0,female,Nakuru
56,BelioSturridge,1.500779673806123e+18,male,Kisumu
57,AMASIKANIKENYA,257944100.0,prefer not to say,Nairobi
58,RoseNavalayo1,1.5095435612425912e+18,prefer not to say,Nairobi
59,DaView_k,1.0329622638194116e+18,male,Nairobi
60,simiyujp,264175421.0,male,Nairobi
61,NoelRotich,1249246260.0,male,Nairobi
62,TSetanei,1091292192.0,prefer not to say,Nairobi
63,chelombochet,1.1966503835333632e+18,prefer not to say,Nairobi
64,EBiegon,562733409.0,prefer not to say,Nairobi
65,Kihoti001,1.5000441717338317e+18,prefer not to say,Nairobi
66,DidmusWaBarasa,9.551878535370056e+17,prefer not to say,Nairobi
67,josephayienda1,1.4103142043771249e+18,male,Kisii
68,MwanziaDennis,390840884.0,prefer not to say,Nairobi
69,cheroiginC,1.3017957533634191e+18,male,Nairobi
70,Permie21,2926864057.0,prefer not to say,Nairobi
71,HOMEBUSINESSIN6,1.4708675879951565e+18,prefer not to say,Nairobi
72,Shadrac59769370,7.651750999306035e+17,prefer not to say,Nairobi
73,senatorkipkemoi,1.2685049669410202e+18,male,Nairobi
74,lastiebonnie,1.3396383705578988e+18,prefer not to say,Nairobi
75,Sir_Rawlings,216069518.0,prefer not to say,Nairobi
76,PropaGandist047,1.2989716776997724e+18,male,Nairobi
77,bkipsongol,1324395618.0,male,Nakuru
78,David___Mbugua,1.2622578228862523e+18,male,Nairobi
79,martinwaithaka8,7.247057754955694e+17,prefer not to say,Nairobi
80,terry_treaza,1.4418163697884529e+18,prefer not to say,Nairobi
81,lord_ofmischief,517331956.0,prefer not to say,Nairobi
82,SiunduHesborn,7.955981754993869e+17,prefer not to say,Nairobi
83,KinyuaWaIrungu,279613200.0,prefer not to say,Nyeri
84,henriqueokinyi1,1.3012029662931558e+18,male,Thika
85,anyanyakegode,140357253.0,male,Nairobi
86,Sam54prync,9.775493946555392e+17,prefer not to say,Nairobi
87,Martcharismatic,1.4632515535113708e+18,male,Nairobi
88,Its_Georgy,7.850387006527488e+17,male,Nakuru
89,BillowIsmail,1295032579.0,male,Nairobi
90,kelvin_mwebia,9.54251091771908e+17,prefer not to say,Nairobi
91,samgtheuri,124429124.0,prefer not to say,Unknown
92,MWALIMU_AMUNGA,2246570950.0,prefer not to say,Nairobi
93,Araap_Ruto,9.516724043964292e+17,prefer not to say,Nairobi
94,MakokhaDr,1.0448835777988936e+18,prefer not to say,Mombasa
95,Upendo_Andrew,1.1388619733267825e+18,male,Nairobi
96,TheHamara,1.2780920770044682e+18,male,Nairobi
97,gcmm86,325399052.0,male,Unknown
98,mosebu,39303612.0,prefer not to say,Nairobi
99,jkenyakwanza,9.144160131643844e+17,prefer not to say,Thika
100,Hon_ChaguaRuto,1563813548.0,prefer not to say,Nairobi
101,el_chaplinn,8.792563302462505e+17,prefer not to say,Nairobi
102,fessy_jay,1.041464369404506e+18,male,Nairobi
103,langatvic8,1.260622183879127e+18,prefer not to say,Nairobi
104,futurelegacy2,7.360968566068347e+17,prefer not to say,Nairobi
105,Chiskop_peetz,1709442834.0,prefer not to say,Nairobi
106,thuoevans,499832520.0,male,Nairobi
107,Kelvinmwendwa_,9.047800920012308e+17,prefer not to say,Nairobi
108,JKNjenga,256145719.0,male,Nairobi
109,Collins_Oxlade,385374019.0,prefer not to say,Nairobi
110,Patopatoh,468246932.0,prefer not to say,Nairobi
111,Edwardkertz,1.3856445124003635e+18,male,Nairobi
112,MweleWycliffe,267404703.0,prefer not to say,Mombasa
113,MurerwaEdwin,9.942772627899596e+17,prefer not to say,Meru
114,DongThuthi,342084869.0,prefer not to say,Nairobi
115,Kastone_Paul,2745170855.0,prefer not to say,Nairobi
116,JUNGLELAW12,1.3186358108376635e+18,prefer not to say,Nairobi
117,IKenmax,1.182780427255341e+18,prefer not to say,Nairobi
118,ratemo_perminus,1.4487484557662495e+18,prefer not to say,Nairobi
119,Real_Cheruiyot,1.4152719585482097e+18,prefer not to say,Nairobi
120,aj_njuguna,1.267438054660346e+18,prefer not to say,Nairobi
121,muhyy,202243410.0,prefer not to say,Nairobi
122,iamWekesa,1.1868639330822636e+18,prefer not to say,Nairobi
123,ErickMureka,1.4779078675461448e+18,male,Nairobi
124,john_andeka,1.478359370949931e+18,male,Nairobi
125,Theichief,1828892059.0,male,Nairobi
126,TheBryo,243769015.0,prefer not to say,Nairobi
127,Mwikiah,4145432705.0,prefer not to say,Meru
128,Ondieki_001,1.088458906177663e+18,male,Nakuru
129,KiruiMartin,8.170973458924872e+17,male,Nairobi
130,HusseinMohamedg,270831181.0,male,Nairobi
131,tylerkym254,9.805174982726042e+17,prefer not to say,Nairobi
132,kimutaiken_,3315158973.0,prefer not to say,Nairobi
133,Ronoh_1J,2436739682.0,male,Nairobi
134,wesrono,34962084.0,prefer not to say,Nairobi
135,Jay__Don_ke,1.50908143841049e+18,male,Nairobi
136,ErastoMwenyewe,1.0395529980605564e+18,prefer not to say,Nakuru
137,peterph_gichuhi,3020280357.0,male,Nairobi
138,TrueCityzen1,1.4533210428024013e+18,prefer not to say,Kakamega
139,HARRYGENIUS_,203825001.0,male,Nairobi
140,MashMMXIV,2682175866.0,male,Nairobi
141,Ericmwa,1969017410.0,prefer not to say,Nairobi
142,ruttohcarol,2958751840.0,female,Nakuru
143,lookeeymoha,3823888215.0,prefer not to say,Nairobi
144,Sammys2541,1.3267301588799365e+18,prefer not to say,Nakuru
145,MastonKim1,1.4751596833674117e+18,prefer not to say,Nairobi
146,DansonKimutai,7.721526310075105e+17,prefer not to say,Eldoret
147,EmmanuelKwemoi1,1.254856633424982e+18,prefer not to say,Eldoret
148,Sucresaid,218544686.0,prefer not to say,Nakuru
149,Karuoyya,341068525.0,prefer not to say,Nairobi
150,DouglasChiliswa,8.07313986484138e+17,prefer not to say,Nairobi
151,KELVINWAFULAMA1,1.330932338587562e+18,prefer not to say,Kisumu
152,Carlyet6,1.2674531997049037e+18,prefer not to say,Nairobi
153,rhouzieosore,2341999346.0,prefer not to say,Nairobi
154,kemboikips04,7.556458184226284e+17,male,Nairobi
155,tess_njoroge,3391686209.0,prefer not to say,Nairobi
156,Iyewitnes,9.286485016130272e+17,prefer not to say,Nairobi
157,hustlermilan,1.221911399468847e+18,male,Nairobi
158,amohprovoke,1.2193041090540544e+18,prefer not to say,Eldoret
159,AlexMugendi11,7.021452972255355e+17,male,Nairobi
160,CharlesKimuyu,549968240.0,male,Nairobi
161,EPLNewsSoccer,152181438.0,prefer not to say,Nairobi
162,kirweco14,1314383330.0,prefer not to say,Nairobi
163,Gichovi_e,243641368.0,male,Nairobi
164,Nyawira2005,1.3360020167961723e+18,prefer not to say,Naivasha
165,Musinga23169686,1.2131101930362184e+18,prefer not to say,Nairobi
166,LXG_News,1109672282.0,male,Meru
167,manucho__ke,1.2704116831697428e+18,prefer not to say,Nairobi
168,MikeMusungu1,1.0108412072353832e+18,male,Nairobi
169,comradefyat,1.0872496483587524e+18,prefer not to say,Nairobi
170,g_kimeli,1437995413.0,male,Nairobi
171,C_chengke,1.3514679133670892e+18,prefer not to say,Nairobi
172,FranklinKipyeg1,1.0207011914524712e+18,male,Nairobi
173,MwaurahDrax,1.1623520595569992e+18,male,Nairobi
174,ckositany,773949072.0,male,Nairobi
175,joe_clinch,8.35103019855405e+17,male,Nairobi
176,AKimorgo,1.1704027590001664e+18,male,Nairobi
177,DrRotichPHD,2319017782.0,prefer not to say,Nairobi
178,Elizabe40374232,1.2753552820513464e+18,female,Nairobi
179,sospetermkaimba,365592558.0,prefer not to say,Nairobi
180,NtongaiEzekiel,9.185597753062769e+17,prefer not to say,Nairobi
181,MlinziVinnie,1.0876208454539346e+18,male,Nairobi
182,TonyKingv20,1.4775930054188564e+18,male,Nairobi
183,FaithfulnessJSA,9.333035356424764e+17,male,Nairobi
184,mulinguum,399044866.0,prefer not to say,Nairobi
185,DesmondTowett,1.259500757612671e+18,prefer not to say,Nairobi
186,sammy_macharia,1670683963.0,prefer not to say,Nairobi
187,caleb_gachugu,9.133470022049014e+17,male,Nairobi
188,ObedMelly,1.2391638626011423e+18,prefer not to say,Eldoret
189,GunnerAfrican,460178620.0,prefer not to say,Nairobi
190,Mwash_phalic,4510747396.0,prefer not to say,Nairobi
191,Mr_JoeWaru,606524167.0,male,Nairobi
192,Mwax021,1.4299637926461194e+18,prefer not to say,Nairobi
193,mistah_morriz,7.438022910991442e+17,male,Nairobi
194,NdichuMburu,480378089.0,prefer not to say,Nairobi
195,JaphethArsenal,216809777.0,prefer not to say,Nairobi
196,Vinncott3,1.3783540936814797e+18,prefer not to say,Nairobi
197,k_yovinne,1.4221629423054438e+18,prefer not to say,Nairobi
198,mau_maxwel,1.5298255107121766e+18,prefer not to say,Nairobi
199,labattlabatt,1.1555402974447084e+18,prefer not to say,Eldoret
200,Pk53534395,1.5302166566178447e+18,prefer not to say,Kisumu
201,_jmcaleb,1.5057388674413773e+18,prefer not to say,Nairobi
202,PHIAMAX,469540013.0,prefer not to say,Nakuru
203,Dr_kimutal,2537234963.0,female,Eldoret
204,arapweriEzra,2610188270.0,prefer not to say,Nairobi
205,Paulmwaniki16,3490655134.0,prefer not to say,Nairobi
206,WairimuAntony,1490881328.0,prefer not to say,Nairobi
207,KipKalyaNoah,1.2769960069876613e+18,prefer not to say,Mombasa
208,tumeiyo_richard,9.249604906436896e+17,male,Nairobi
209,PatoskyKp,1.2023588212278436e+18,prefer not to say,Nairobi
210,ErickkChirchir2,1.4793702496319324e+18,male,Nairobi
211,wamahousee,2929252750.0,prefer not to say,Unknown
212,kenedyshy,2782477946.0,prefer not to say,Kericho
213,karryjay,218383839.0,male,Nairobi
214,Duncanm2017,1.5107914827347436e+18,male,Nairobi
215,GideonBadiva,1.4333774372959928e+18,male,Nairobi
216,bravin_siwa,3255314446.0,prefer not to say,Nairobi
217,benardongeri_,8.19177433127592e+17,prefer not to say,Nairobi
218,Kibet_AraapKogo,264764057.0,prefer not to say,Kitale
219,NgeiywoMartin,2267336859.0,prefer not to say,Nairobi
220,CeoBen,633145155.0,male,Nairobi
221,EricNgeno,14236874.0,prefer not to say,Nairobi
222,DenfelixK,3602768838.0,male,Machakos
223,EKipkeu,1101868129.0,prefer not to say,Nairobi
224,MeshMpendwa,9.32627702837805e+17,prefer not to say,Nairobi
225,flairampos,1.1358636777380168e+18,prefer not to say,Nairobi
226,ChamdanyKip,1.4130425786861568e+18,prefer not to say,Mombasa
227,manyongeisaac1,1.4881528726342615e+18,prefer not to say,Kisii
228,Jeffhendriksgit,9.616449897710223e+17,male,Nairobi
229,shaddykym,7.817515683496591e+17,prefer not to say,Nairobi
230,IMIrungu,83797492.0,male,Nairobi
231,sarahmurathime,123837178.0,female,Nairobi
232,Frank_KanaTech,1.1289528712093942e+18,male,Nairobi
233,Joe_munene1,1.0565746232219894e+18,prefer not to say,Meru
234,TevinMacharia,1.4450905911556588e+18,prefer not to say,Nairobi
235,mw_enda,1.0955916321524696e+18,male,Nairobi
236,Brianketer5,2405066607.0,prefer not to say,Nairobi
237,karonei,66973927.0,prefer not to say,Nairobi
238,MrBiwott,9.532790381387816e+17,prefer not to say,Nairobi
239,korirek,1.4532328404564787e+18,prefer not to say,Nairobi
240,JosephTulanga,1.2702871506475172e+18,prefer not to say,Nairobi
241,MOTARI25,1.506291998298362e+18,prefer not to say,Kisii
242,CyrusRintari,3009715384.0,male,Nairobi
243,GLitunya,3632986397.0,prefer not to say,Nairobi
244,JayReagans,1562780756.0,prefer not to say,Nairobi
245,KingKwemoi,9.78622852659282e+17,male,Nyeri
246,HalfLuo_,8.267539401255199e+17,prefer not to say,Nairobi
247,umosoo,609210938.0,prefer not to say,Nairobi
248,Waigwabon,1537065858.0,male,Nairobi
249,EliasKabere,8.63834392220885e+17,prefer not to say,Nairobi
250,Dequinto9,1.1547660153786696e+18,prefer not to say,Nairobi
251,BasilManaseh,3165816080.0,male,Nairobi
252,TwahirMwale,1.122877167057158e+18,prefer not to say,Nairobi
253,ondu_peter,8.013348931962757e+17,prefer not to say,Nairobi
254,KipngenoGabriel,1.2327194095606538e+18,prefer not to say,Nakuru
255,NeddoTatayo,9.960723962925466e+17,male,Nairobi
256,JumaFrred,1.404695980621058e+18,prefer not to say,Unknown
257,Beatric06754363,1.320024669676884e+18,female,Nairobi
258,awanyoike3,3300351310.0,prefer not to say,Nairobi
259,MwendeCharles,9.049502921139692e+17,prefer not to say,Nairobi
260,EvansChege,476094022.0,prefer not to say,Nairobi
261,AdanDuqow,2474666621.0,male,Nairobi
262,beth_kasinga,47953133.0,female,Nairobi
263,issa_grei,1.5239411966153236e+18,male,Mombasa
264,eric_opanda,9.738889841569874e+17,prefer not to say,Nairobi
265,daltoo_eye,1.1683810228048282e+18,female,Nairobi
266,Amb_Saleh,7.886658064439132e+17,prefer not to say,Nairobi
267,abedlelgo,90391467.0,male,Nairobi
268,McaMwongaJnr,1.4943740994387722e+18,prefer not to say,Nairobi
269,KariukiCyruz,2533359417.0,male,Nyeri
270,client13144,1.1186244515648512e+18,prefer not to say,Nairobi
271,OtungahB,1.4199918294628475e+18,prefer not to say,Kakamega
272,john_nderitu,185195661.0,male,Nairobi
273,Keerulanah,202149738.0,prefer not to say,Nairobi
274,KeMatumbei,3413089996.0,prefer not to say,Nakuru
275,TravisNgich,1.501498928306561e+18,male,Nairobi
276,schelanga94,4104937337.0,prefer not to say,Mombasa
277,Utred_Allan,3162366058.0,male,Nakuru
278,Lemenyi_KE,1.4185936581111562e+18,prefer not to say,Nairobi
279,UDAparty2022,7.962137962431816e+17,prefer not to say,Nairobi
280,manesah_,1.3548708671221514e+18,prefer not to say,Machakos
281,JohnWil50304360,1.110483536161792e+18,male,Nairobi
282,pkarnet,133430476.0,male,Nairobi
283,OtengoWelling1,3301475844.0,prefer not to say,Nairobi
284,wiz_freak,548237267.0,prefer not to say,Nairobi
285,OleItumbi,68382599.0,male,Nairobi
286,udakunews_kenya,1.5318232876170854e+18,prefer not to say,Nairobi
287,Kennedy_sankara,1.2066613769256878e+18,female,Kisumu
288,WNginyo,3036016889.0,male,Mombasa
289,josphatmutai43,606111244.0,prefer not to say,Kericho
290,DaddyMsoo,1.1286384658963252e+18,prefer not to say,Nairobi
291,PaulineNjau5,1.4823901944857108e+18,female,Nairobi
292,Ojwang44,8.742373307391222e+17,prefer not to say,Nairobi
293,edmosesking,471835406.0,prefer not to say,Nairobi
294,MakimiiDom,2225542174.0,prefer not to say,Nairobi
295,Kapengurian,1.2461046778985062e+18,male,Nairobi
296,Roho_Juu1,1427212014.0,male,Nairobi
297,KenyaMafias,1.235135682361856e+18,prefer not to say,Nairobi
298,muthaara,34365725.0,male,Nairobi
299,FelipeGambler_,1.2222758394941809e+18,prefer not to say,Nairobi
300,Japhetkmaina,9.10888591592698e+17,prefer not to say,Nakuru
301,gideonokumu81,1.381203332174336e+18,male,Kakamega
302,H_CharlesNyamai,1.0267041934642954e+18,male,Nairobi
303,SakajaJohnson,228580505.0,prefer not to say,Nairobi
304,SHINYALU_Online,1.1928949381088788e+18,male,Kakamega
305,RutoSara,1.2642807351643668e+18,female,Nairobi
306,WomenInANCParty,2952785068.0,prefer not to say,Nairobi
307,m_langat70,1647817903.0,prefer not to say,Nairobi
308,jacobskilonzo,9.142406762499808e+17,prefer not to say,Nairobi
309,Stephen32125824,1.3110401308708987e+18,male,Nairobi
310,AustohMwenyewe,635548922.0,male,Nairobi
311,Its_____Anne,1.4555211532425134e+18,female,Nairobi
312,Fredmoenga1998,1.3602963112501248e+18,male,Kisii
313,KirituCharles,3425327759.0,male,Nakuru
314,Paulrop15Paul,1.4510749372681462e+18,male,Nairobi
315,Mwass14933274,8.963117778683044e+17,prefer not to say,Nairobi
316,vinskart,1.4954014198679265e+18,prefer not to say,Nairobi
317,abdizohabdallah,9.505968215287932e+17,prefer not to say,Nairobi
318,SimbaMmojatu,2207518720.0,prefer not to say,Nairobi
319,Njau_,331736617.0,prefer not to say,Nairobi
320,RufusReal1,1897240915.0,male,Thika
321,kams_nation,4513741397.0,prefer not to say,Nairobi
322,ki96269449,1.4878043186528092e+18,male,Kilifi
323,MwarariMr,1.2297691491881247e+18,male,Nairobi
324,Nai_WestFinest,3677470348.0,prefer not to say,Nairobi
325,RealHostar,1.0865186793098158e+18,prefer not to say,Nairobi
326,ericmakorio,7.355035959913718e+17,male,Nairobi
327,JKchemunyan2012,2194145797.0,male,Nairobi
328,NancyCheruiyot_,1.3061708814383557e+18,female,Nairobi
329,lymmoe,395422054.0,prefer not to say,Nairobi
330,kenchep,40168697.0,male,Unknown
331,oronijunior,8.322055273628672e+17,prefer not to say,Mombasa
332,RonaldVerse,1.5156510637387817e+18,male,Nakuru
333,stivin_holla,9.376948104330976e+17,male,Nairobi
334,Bernardmwanzia8,1.2238927438162043e+18,male,Nairobi
335,felixronohh,2195601763.0,male,Nairobi
336,salom65556035,1.0101752693642568e+18,female,Nakuru
337,samo2beta,35800862.0,male,Nairobi
338,Anthonymulley,1.333319417976017e+18,male,Nairobi
339,mutumamurithi,1157050422.0,prefer not to say,Nairobi
340,NyandikoDickson,9.123256191570124e+17,prefer not to say,Nairobi
341,NjuruPK,416986001.0,prefer not to say,Nairobi
342,MutethiaSilas,1.46925626511736e+18,prefer not to say,Nairobi
343,ItsSossion,1190978384.0,male,Nairobi
344,NDUGIREC,476563121.0,prefer not to say,Nairobi
345,tylerkym254,9.805174982726042e+17,female,Nairobi
346,kanamboo2,1.376833278381015e+18,prefer not to say,Nairobi
347,musa_manza,719705020.0,male,Kakamega
348,ShiiWanjiru6,1.463734156463161e+18,prefer not to say,Nanyuki
349,j_fatuj3,1.4674239580981903e+18,prefer not to say,Nairobi
350,Emperorkoffici1,1.4544145628711895e+18,prefer not to say,Mombasa
351,amanofafrika,1.1876616393713746e+18,prefer not to say,Nairobi
352,FredKiptanui,564665735.0,male,Nairobi
353,kentungaz,9.362243400723908e+17,female,Nairobi
354,OOtenge,1.5130841942216663e+18,prefer not to say,Nairobi
355,ondoro_erickson,4600570889.0,prefer not to say,Nairobi
356,WangalwaTony,2528267698.0,male,Nairobi
357,kurezqibbz,466305692.0,prefer not to say,Nairobi
358,Charlie_Popeye,366300522.0,male,Nairobi
359,_SirEric_,1.4532328404564787e+18,prefer not to say,Nairobi
360,Its_Chemwotei,2719480965.0,male,Kitale
361,Jumabonny711,1.150123559731286e+18,prefer not to say,Nairobi
362,Kibet75Bett,1172339870.0,prefer not to say,Eldoret
363,Meninist254,1215439676.0,prefer not to say,Nairobi
364,TonnyKamwai,1.2123640970035118e+18,prefer not to say,Nairobi
365,BrianChemwaa,1.1883570655736504e+18,male,Unknown
366,idibravine,4855128472.0,prefer not to say,Mombasa
367,rodgers_ruttoh,527314875.0,prefer not to say,Nakuru
368,William_nganga1,9.551563334850684e+17,male,Nairobi
369,KariusRyano,1.259401796830847e+18,prefer not to say,Eldoret
370,TeamSakaja,7.100087056103588e+17,prefer not to say,Nairobi
371,KiongoziGk,1.4902740062383882e+18,prefer not to say,Eldoret
372,KIBETKOECH_,3321038232.0,prefer not to say,Nairobi
373,BenardMosbei,7.075730114660311e+17,prefer not to say,Nakuru
374,KoomeMapesa,1285722866.0,male,Unknown
375,HMosago,536076309.0,prefer not to say,Nairobi
376,HAlekhine,1.0165591013907496e+18,prefer not to say,Nairobi
377,kiruikipkoech19,1.2338185466411745e+18,prefer not to say,Nairobi
378,martomuge,924917498.0,prefer not to say,Nairobi
379,r_koskei,1.5235231192893522e+18,prefer not to say,Eldoret
380,Kemboi85,386387195.0,male,Kericho
381,Rotichk,43661074.0,prefer not to say,Nairobi
382,Arapkemeikimuu,1.5302401600796918e+18,male,Kericho
383,Mikeindusa1,1.2646496282989404e+18,prefer not to say,Nairobi
384,jensenojago,2437004887.0,prefer not to say,Nairobi
385,kib8elly,376162917.0,female,Nairobi
386,sangdengkip,2554635290.0,prefer not to say,Nairobi
387,KipyegoSanga,8.930787809437655e+17,prefer not to say,Eldoret
388,KoilaiL,8.384100580148019e+17,prefer not to say,Nairobi
389,phineas_andrews,1.4465593038764646e+18,male,Nanyuki
390,Fadhilow,1346303719.0,male,Nairobi
391,EdukonDaniel,9.994094070280888e+17,male,Nairobi
392,SophisticatedDj,202833828.0,prefer not to say,Nairobi
393,BernardKRotich1,1.3408835944961393e+18,male,Nairobi
394,waseges,1899680726.0,prefer not to say,Nairobi
395,tricore_digital,583667925.0,prefer not to say,Nakuru
396,WillingSon67,1.245751784104231e+18,prefer not to say,Eldoret
397,douglas_osano,2890517452.0,male,Nairobi
398,nikjaki,255098080.0,male,Nairobi
399,empirejumah,4083420779.0,prefer not to say,Nairobi
400,dnkchelule,472859663.0,male,Nairobi
401,john_ojunga9,1.5196792807117169e+18,male,Nairobi
402,AntonyMuhuma,988307100.0,male,Nairobi
403,Mwathiken,951478057.0,prefer not to say,Nairobi
404,FerbrizioRomano,1.077934822239146e+18,prefer not to say,Nairobi
405,GeorgeKipkurui,1.0901154026870456e+18,male,Mombasa
406,Willieboy_m,336994489.0,male,Nairobi
407,Castroh_F,3393558105.0,male,Nairobi
408,SirmeMtalii,2717086173.0,prefer not to say,Mombasa
409,elly_kiplaa,8.335510036769792e+17,male,Nairobi
410,KanjamG,2882803068.0,prefer not to say,Nairobi
411,UNCLECOMMANDO,1.2809390303776113e+18,prefer not to say,Nairobi
412,theallan_t,8.365576435022725e+17,male,Mombasa
413,miguelmuguchia,15915563.0,male,Nakuru
414,QsKariuki,2155644233.0,prefer not to say,Nairobi
415,KipchumbaChebw1,1.4880741944075428e+18,prefer not to say,Nairobi
416,ItsRopC,2413095144.0,prefer not to say,Nairobi
417,purelovenation,1.4404139930807378e+18,female,Nairobi
418,itsmbugua,2964287212.0,prefer not to say,Nairobi
419,KagoModesto,1.4930882199903068e+18,male,Mombasa
420,olivernolly2,3170166473.0,prefer not to say,Nairobi
421,WilliamsRutoFan,1.085444356054704e+18,male,Nairobi
422,MuvitiSamuel,1.0812613562911089e+18,male,Nairobi
423,BCherich,1.4873241428525834e+18,prefer not to say,Nairobi
424,KuluoJosephine,3398520663.0,female,Nairobi
425,KiprohRob,1.50113623584213e+18,prefer not to say,Unknown
426,murunga1Murunga,1.5076331069075087e+18,prefer not to say,Nairobi
427,TrollPoliticsKe,1.3709827173959844e+18,prefer not to say,Nairobi
428,joshep1248,8.072827465697239e+17,prefer not to say,Nairobi
429,Therealguyx,1.2184444619586273e+18,prefer not to say,Nakuru
430,anto_whiz,352958065.0,prefer not to say,Nairobi
431,Clifford_Lans,283499192.0,male,Nairobi
432,briankimani,97443396.0,male,Nairobi
433,SirMycal,9.023796529787944e+17,male,Mombasa
434,mp_philo,8.061684916613612e+17,prefer not to say,Nairobi
435,MuchiriGichuri,2197144079.0,prefer not to say,Nairobi
436,isaiahmngl,1.4287300922435912e+18,male,Nairobi
437,alliontoyota,99850898.0,male,Nairobi
438,jackmwaniki1,2331682156.0,prefer not to say,Nakuru
439,IsaacKorir_kim,7.846894203855217e+17,male,Eldoret
440,kilaerick05,1709642160.0,male,Kericho
441,chombir_ts,9.538467796483972e+17,prefer not to say,Nairobi
442,Chrismutuma11,8.48098918403539e+17,prefer not to say,Mombasa
443,vkmutai,464866496.0,prefer not to say,Mombasa
444,bworinaisa,2812509091.0,male,Nairobi
445,iam_JVLEO,1650677138.0,male,Nairobi
446,itswaweruwamiti,9.394659408566886e+17,prefer not to say,Meru
447,KirwaNickson2,1.4874796806346547e+18,prefer not to say,Nairobi
448,Felah88,92214434.0,male,Nairobi
449,OpyMoturi,8.970646240503644e+17,prefer not to say,Nairobi
450,Tonypaneah,1.1136632367825551e+18,prefer not to say,Nairobi
451,DjMicSultan,3430248934.0,prefer not to say,Nairobi
452,JrChelimo,1.437123596112081e+18,prefer not to say,Nairobi
453,SiboyiAnganah,465511753.0,prefer not to say,Nairobi
454,Joshua44538122,1.0358094038055567e+18,male,Nairobi
455,AraapChomu,2547292226.0,prefer not to say,Nairobi
456,Omolloooo,1.236160629607674e+18,prefer not to say,Nairobi
457,gibun_gitonga,1725853778.0,prefer not to say,Nairobi
458,peter_warrior7,1.2826788719267553e+18,male,Nairobi
459,ombatikevin300,1.4992560287010202e+18,prefer not to say,Eldoret
460,Badcard4,1.226955518129922e+18,prefer not to say,Nairobi
461,KeynesSamai,2196955977.0,male,Nairobi
462,Emmanue01300810,1.4537570153066906e+18,prefer not to say,Nairobi
463,keteralvin,101685951.0,prefer not to say,Nairobi
464,itskoigi,2371823158.0,prefer not to say,Nakuru
465,JARULOO,1.1485052715615232e+18,female,Nairobi
466,saidimusalim1,536674784.0,male,Nairobi
467,benson_chumba,1.2856421698696233e+18,prefer not to say,Eldoret
468,joe_omosh,9.40289038262694e+17,male,Nairobi
469,gkaleli,138300043.0,prefer not to say,Nairobi
470,_gitonga__,7.846759161401508e+17,prefer not to say,Nairobi
471,chirsemwo,1.2670388290614725e+18,prefer not to say,Nairobi
472,wisebethwel,1.493484184794538e+18,prefer not to say,Nairobi
473,luisgideonsnr,227290429.0,prefer not to say,Nairobi
474,kaHuRa_kelviNe,4864764693.0,male,Nairobi
475,jakayajirjir,1.3126738582484173e+18,prefer not to say,Nairobi
476,Babakewillie,572534585.0,prefer not to say,Nairobi
477,emmanuel_togoch,1.181902674511487e+18,male,Eldoret
478,philipmukuria,1931674334.0,prefer not to say,Nairobi
479,mikekorir_,1.3548068914869248e+18,male,Nairobi
480,wyllice_KE,7.090936471496212e+17,prefer not to say,Nairobi
481,adekadennis,4608290297.0,prefer not to say,Nairobi
482,njoguu,117194081.0,male,Nairobi
483,kimunya_kelvin,4337965036.0,prefer not to say,Nairobi
484,kimarumainah,1248937236.0,prefer not to say,Nairobi
485,PaydayRhema,1.483758645196333e+18,prefer not to say,Nairobi
486,gmwahome,4580280377.0,male,Nairobi
487,gabkeym25,8.314736107369267e+17,prefer not to say,Nairobi
488,KingwaSmiley,1091444682.0,prefer not to say,Nakuru
489,SheilaSifuma,8.343347351702282e+17,female,Nairobi
490,JOHNNIEKIP,2397392696.0,male,Nairobi
491,geogias,29419951.0,prefer not to say,Nairobi
492,EnockKi12149800,1.4550967287855063e+18,prefer not to say,Nyeri
493,Kmwaura_992,7.757436325655593e+17,prefer not to say,Nairobi
494,FriendsofRAO,1.4304413610949427e+18,prefer not to say,Nairobi
495,1ElishaKiprop,1.241645565689168e+18,male,Eldoret
496,Mpzuleikahassan,1488536312.0,prefer not to say,Nairobi
497,Westlands2022,9.58062854183248e+17,female,Nairobi
498,peter_amunga,1.4371137890826527e+18,male,Nairobi
499,Fredric13389181,1.2507670108180767e+18,male,Nairobi
500,bkomun,133240434.0,prefer not to say,Nairobi
501,ramseydemarco,2619206627.0,prefer not to say,Nairobi
502,Vandrose1,442438826.0,male,Nakuru
503,ngaruman,2337261828.0,prefer not to say,Nairobi
504,samie_luizy,7.47795756547969e+17,prefer not to say,Nairobi
505,kiddoGAMMZ,199274018.0,prefer not to say,Nairobi
506,patrick57717472,1.0425018078664458e+18,prefer not to say,Nairobi
507,MukhebiDen,7.101859899987722e+17,male,Kilifi
508,_victorVIBE,9.6853078246042e+17,male,Nairobi
509,HonPhilexAmigos,1.4631107479705764e+18,prefer not to say,Nairobi
510,DLUDOGOLI,636319456.0,male,Nairobi
511,j_nyakundi,229287181.0,male,Nairobi
512,OwenAbong,9.23611753216467e+17,male,Nairobi
513,servant_beth,516251892.0,male,Unknown
514,ItsMe84026016,1.192128128182866e+18,prefer not to say,Nairobi
515,Amadadi7,1.2436225516470682e+18,male,Unknown
516,wesakaken,3355644609.0,prefer not to say,Unknown
517,ismailomar91,601714862.0,prefer not to say,Mombasa
518,engtumo_enock,8.992258457719808e+17,prefer not to say,Nairobi
519,Evangelista_hea,716483948.0,female,Nairobi
520,szaimo,8.498833640479539e+17,prefer not to say,Nairobi
521,kelvingacheri,3114081605.0,prefer not to say,Nairobi
522,daddy1_elvis,1.5236777020535767e+18,male,Nairobi
523,Gibuka1,1.29135119861282e+18,prefer not to say,Mombasa
524,Ndirangukevin2,1.2696829548733276e+18,male,Kilifi
525,Realcoogi,3192397735.0,prefer not to say,Nairobi
526,MusaWambugu,7.694685391913943e+17,male,Nairobi
527,icytwitts,292763806.0,prefer not to say,Nairobi
528,ruto4us,1.0329920313485476e+18,male,Nairobi
529,alstonesiguda,1381494318.0,prefer not to say,Nairobi
530,obieroh_s,1.5243783401945047e+18,male,Nairobi
531,LukaleMark,8.408003113631416e+17,male,Mombasa
532,Cde_SBM,7.829732828029501e+17,prefer not to say,Kisumu
533,mitpiny,348475366.0,prefer not to say,Nairobi
534,sonamoz,1.1722416680300462e+18,prefer not to say,Nakuru
535,kennykib,1287826730.0,male,Nairobi
536,marirace,759757446.0,prefer not to say,Nairobi
537,KimAaron2020,1.2185360404215603e+18,female,Nairobi
538,Jaymescom,35247184.0,prefer not to say,Nairobi
539,Ken__bliss,1.5145364791916216e+18,prefer not to say,Nairobi
540,JdaPaul,1.3925300049747067e+18,male,Nairobi
541,BenjaminKamande,1127996600.0,male,Nairobi
542,Qahiu_Githutha,336375127.0,prefer not to say,Nairobi
543,Janewegz,112405977.0,female,Nairobi
544,bradleyalusa,404875248.0,male,Nairobi
545,Nyang__KE,374434484.0,male,Nairobi
546,joash1t,7.625431359730811e+17,male,Nairobi
547,RodgersBein,804438080.0,prefer not to say,Nairobi
548,Senatorhela,1.342548110065754e+18,female,Nairobi
549,IkoKaziKE_Bot,1.437880340224385e+18,prefer not to say,Nairobi
550,eliphastosh,2647152880.0,prefer not to say,Nairobi
551,Yasadams,150206533.0,female,Nairobi
552,MathewK65989108,1.4810958399552676e+18,male,Nairobi
553,Kevin_grray,1.4465410386178744e+18,male,Nairobi
554,kimemianjuguna,2993979165.0,male,Nairobi
555,phelix_ngaji,1.521917680768455e+18,prefer not to say,Nairobi
556,MaragiaNixon,9.595925935239208e+17,prefer not to say,Nairobi
557,omambia_benson,1.2699365453452575e+18,prefer not to say,Kisii
558,PeterJDULLO,420359287.0,male,Nairobi
559,onesmus336,8.373657114544947e+17,prefer not to say,Nairobi
560,OchelleJNR,230177372.0,male,Nairobi
561,Kyariekuria,449910765.0,prefer not to say,Nairobi
562,PresenterBarac1,1.061131176423895e+18,prefer not to say,Mombasa
563,JoelMwanyagha1,1.4645629542176113e+18,male,Nairobi
564,BuyoywaBrian,7.579342098183045e+17,prefer not to say,Nairobi
565,kimkendrickim,2876630051.0,prefer not to say,Nairobi
566,Waghadhirwa,340756921.0,male,Mombasa
567,AGUNDALEONARD,2366949081.0,male,Nairobi
568,athewa1,2292602757.0,male,Nairobi
569,OhuruLinus,2539693456.0,prefer not to say,Nairobi
570,moses_m1,193113696.0,male,Nairobi
571,Gaiteu200,1.38526365128473e+18,prefer not to say,Nairobi
572,CheruOle,9.640810757850276e+17,male,Nairobi
573,howuor,107303711.0,male,Nairobi
574,akinyi3_muli,1.432059483795202e+18,prefer not to say,Nairobi
575,Monica_Muriuki,3107772934.0,female,Nairobi
576,OneCapitalOne,2483272140.0,prefer not to say,Nairobi
577,leftmanh,3686328675.0,male,Meru
578,Ochibono,4076445881.0,male,Nairobi
579,Designcornerke,1.493854150953689e+18,prefer not to say,Nairobi
580,Simonk_ray,9.47365442598957e+17,male,Mombasa
581,gauogilbert,94053100.0,prefer not to say,Nairobi
582,Waamboi,1.107153146709754e+18,prefer not to say,Nairobi
583,LJth11,1.3939344345424443e+18,prefer not to say,Mombasa
584,lennykoskei123,3129344477.0,female,Nairobi
585,bigmitchjatelo,630321097.0,prefer not to say,Nairobi
586,Ok_Francise,1.171497629005443e+18,male,Nairobi
587,BmarshallCGTN,406816463.0,female,Nairobi
588,OsinyaDavid3,1.2640463896606597e+18,prefer not to say,Nairobi
589,ChrisKilulu,1.1375941469008608e+18,male,Nairobi
590,JoeOisebe,1.0095260288285408e+18,male,Naivasha
591,SWE_GIBSON,449971974.0,prefer not to say,Nairobi
592,Irie_Man254,9.818166244739524e+17,male,Nairobi
593,Simon_Ingari,362373842.0,male,Nairobi
594,AmosKiprutoLag1,1.1819260177720156e+18,male,Nairobi
595,josephat_ongwae,1702083962.0,male,Nairobi
596,BwOmoigwa,9.984240320841564e+17,prefer not to say,Nairobi
597,kenzdan1,1909443546.0,male,Nairobi
598,excellencytorsh,9.805573185669244e+17,prefer not to say,Nairobi
599,Michaelmasala5,1.0068515646093967e+18,male,Nairobi
600,Vincentilemara1,4804172133.0,prefer not to say,Nairobi
601,mob25flow,1.0509644407729972e+18,prefer not to say,Nairobi
602,sittukarapkogo,1904530778.0,prefer not to say,Kakamega
603,charliz_nguch,1.5157324580833362e+18,male,Nairobi
604,FinneyOfwa,9.383867022630298e+17,prefer not to say,Nairobi
605,Marvin_nganyi,278026264.0,prefer not to say,Kakamega
606,TBossman254,1.085626121427792e+18,prefer not to say,Mombasa
607,P_Kenyanya,1075925534.0,prefer not to say,Nairobi
608,ammerixs,584972530.0,prefer not to say,Nakuru
609,Ellysantiago19,8.129894995716014e+17,male,Kitale
610,WillyOkumu,613737494.0,male,Mombasa
611,Bettsaisi1,1.2740046906830234e+18,prefer not to say,Nairobi
612,NelsonwaMachar1,1.485206569331708e+18,female,Thika
613,AlexMwaks,1.216006893535101e+18,male,Nairobi
614,iancurlie,1.294165377300271e+18,female,Eldoret
615,yobrahmkadinali,1.4700295444804608e+18,prefer not to say,Kisii
616,khoimosh,9.880304239251292e+17,female,Nairobi
617,BarazaBarkho,1.288746614102864e+18,prefer not to say,Nairobi
618,bett11_bett,1.2417123176094925e+18,prefer not to say,Nairobi
619,jcoasugo,222005191.0,prefer not to say,Nairobi
620,Kipngeny1,9.253247890105876e+17,prefer not to say,Nairobi
621,KiromoMuceru,1.126044785800876e+18,prefer not to say,Mombasa
622,Joejoe31365982,1.4282807621267702e+18,male,Nairobi
623,NDUNGU2010,212539753.0,prefer not to say,Nairobi
624,ankapiani,251330989.0,prefer not to say,Nairobi
625,SolitaireFamily,460846636.0,prefer not to say,Nairobi
626,EvanoLegend1,4353714016.0,male,Nairobi
627,dannymwamba,259751516.0,male,Nairobi
628,mwashbudah,1.3558542960557425e+18,prefer not to say,Nairobi
629,MMuhorovincent,7.681753826420777e+17,male,Nairobi
630,hortsauce,124783198.0,prefer not to say,Nairobi
631,oyweri_KE,559637810.0,prefer not to say,Nairobi
632,rutto_daniel,1082421722.0,prefer not to say,Eldoret
633,mtaaniman,1.382768099804463e+18,female,Mombasa
634,emmanuel_cheret,1.527303260800897e+18,prefer not to say,Nairobi
635,heavydu91443892,1.1572632130980905e+18,prefer not to say,Embu
636,Kamatusa_KE,3090686696.0,male,Nairobi
637,perulpaul2,2798104515.0,male,Nairobi
638,Its_limo16,9.67982584583123e+17,male,Eldoret
639,MpenziMe,1.4195083122200822e+18,prefer not to say,Nairobi
640,sirmbatiah,125943013.0,male,Nairobi
641,Wilson38573694,1.4911189527134986e+18,male,Nairobi
642,VincentMobe,349808167.0,male,Nairobi
643,kokorene,986669144.0,female,Nairobi
644,WuoraOgola,128542266.0,male,Nairobi
645,Eng_bmwambu,542542628.0,prefer not to say,Nairobi
646,NdwigaJack,1.2640420402219377e+18,male,Nairobi
647,allanombewa,1637567744.0,male,Nairobi
648,AmbatiLucy,1.455447586781995e+18,female,Nairobi
649,WomenRuto,1.4819641302109143e+18,prefer not to say,Nairobi
650,elijahkisungo,9.270940015048416e+17,male,Nairobi
651,ItsMartinChege,130473944.0,male,Nairobi
652,clean_cutbarber,1.4407354042866278e+18,prefer not to say,Nairobi
653,Karizkhim,1573165500.0,prefer not to say,Nairobi
654,Kira_maliq,9.532586646300632e+17,female,Nairobi
655,DennisKallage,9.11181242569302e+17,male,Nakuru
656,onealzy,367249290.0,prefer not to say,Nairobi
657,serem_kigen,295697973.0,prefer not to say,Eldoret
658,Captainhezz1,3432378670.0,prefer not to say,Nairobi
659,BuliloS,9.107885415584808e+17,prefer not to say,Nairobi
660,res_judicata3,8.137647381067489e+17,prefer not to say,Nairobi
661,Binhajji009,1.516134924587348e+18,prefer not to say,Nairobi
662,Osakakilometre,527319018.0,prefer not to say,Nakuru
663,PGitongaG,8.845161106867241e+17,prefer not to say,Nairobi
664,UDAPartyKe,2259413975.0,prefer not to say,Nairobi
665,MulwaKirui,3331359575.0,male,Nairobi
666,johnzie2002,438326515.0,prefer not to say,Nairobi
667,OlingaAbdul,1.4101349741126203e+18,male,Nairobi
668,Pat_omosh,1.3410730035017275e+18,male,Mombasa
669,ItsAlikim,574481637.0,prefer not to say,Nairobi
670,revival_ke,1.4672469543254508e+18,male,Nairobi
671,Highpriesttt,4853592615.0,prefer not to say,Nairobi
672,juliusngugi360,7.031386334154588e+17,male,Nairobi
673,Seksimbuyu,204476969.0,prefer not to say,Nairobi
674,abraham_mwose,7.465917398051963e+17,prefer not to say,Nairobi
675,MsteEast,1.0764405923081504e+18,prefer not to say,Nakuru
676,engfumo,3414877361.0,male,Nairobi
677,StephenOyoo13,1.297602551261606e+18,prefer not to say,Kisumu
678,JosephNgaya2,1.180906743762694e+18,male,Nairobi
679,judetenai2,4762250241.0,male,Eldoret
680,MikeyMuriithi,1.2007636734694892e+18,male,Nyeri
681,Itiswinny,9.589647395598788e+17,prefer not to say,Nairobi
682,MugambiKibwi,1.2037995391546614e+18,prefer not to say,Meru
683,Komondi_Otieno,2506182802.0,prefer not to say,Nairobi
684,Ibrahimstayo,1.4660455593205883e+18,male,Nairobi
685,D_Mwoki,1.3502933879168328e+18,prefer not to say,Kisumu
686,LareOloibon,1.4994474327400243e+18,male,Nairobi
687,DrWanyeeSK,1897373484.0,prefer not to say,Nairobi
688,HonBob4MPBUTULA,1.1952998433228554e+18,male,Nairobi
689,sampao_p,81837812.0,male,Nairobi
690,cabs_maxi,1.2195991839566438e+18,female,Naivasha
691,AchariJoseph,1.260430013461037e+18,prefer not to say,Nairobi
692,MainaKimondo1,1.234177887214936e+18,prefer not to say,Nairobi
693,Dynasty045,1.4312452594938143e+18,prefer not to say,Nairobi
694,dnjugunag,7.592956159018312e+17,male,Nairobi
695,TonyMuliro,635619522.0,male,Nairobi
696,keonlinebiz,1.4101699838507172e+18,prefer not to say,Nairobi
697,F_M_Networks,1.3776673528426742e+18,prefer not to say,Nairobi
698,Bruno_Kens,7.618322259188449e+17,prefer not to say,Nairobi
699,lastbone,37867438.0,male,Nairobi
700,allenvitalic,9.5480159011593e+17,prefer not to say,Nairobi
701,Its_Rickers_KE,957189913.0,prefer not to say,Nakuru
702,BiasharaBook,1.4037858104623145e+18,prefer not to say,Nairobi
703,ColloTM_McArum,3555142036.0,prefer not to say,Nairobi
704,Dalanews2,1.393892607839834e+18,prefer not to say,Nairobi
705,tellyrence,839314160.0,prefer not to say,Nairobi
706,lil_tippsy,1.5265302376973476e+18,male,Eldoret
707,aboud_akasha,598573081.0,prefer not to say,Nairobi
708,pato_jush,1.3952934936779407e+18,prefer not to say,Nairobi
709,azimio022,2561017788.0,prefer not to say,Nairobi
710,Jessesaruni,341392001.0,male,Nairobi
711,mykdjmaliq,500858244.0,prefer not to say,Nairobi
712,benknjeru,1017932533.0,prefer not to say,Nairobi
713,bwanatemba,268429375.0,prefer not to say,Nairobi
714,wycliffemwaka,2325220513.0,prefer not to say,Nairobi
715,virginHoffice,1.3663320444946596e+18,prefer not to say,Nairobi
716,elvis_nganga_,1.327326400265773e+18,male,Nairobi
717,Frank_k0,1.5171518575456625e+18,prefer not to say,Kisumu
718,hu_mph,1404888931.0,male,Nairobi
719,SamiaBen05,9.20535008779137e+17,prefer not to say,Nairobi
720,enohcents,230087730.0,male,Nairobi
721,ItsAlexWamalwa,3126018537.0,prefer not to say,Nairobi
722,AnthonyKimaniJr,9.173110834840124e+17,male,Nairobi
723,johnchege,138043584.0,male,Nairobi
724,arendeoriri,3296849057.0,male,Nairobi
725,SEKilimani,1.2535834981763525e+18,prefer not to say,Nairobi
726,KenyanCitizen20,4918381095.0,prefer not to say,Nairobi
727,sambamba_zeky,7.132581687600538e+17,male,Nairobi
728,ALIAJANGASU,1.2000993025651302e+18,male,Mombasa
729,PATRIOTS_254,2894407781.0,prefer not to say,Nairobi
730,ratzinger254,1.1808361491385303e+18,male,Nairobi
731,BobMlazzow,7.072046132047872e+17,prefer not to say,Malindi
732,otienojacktone,1399003123.0,prefer not to say,Eldoret
733,kimarusammy8,1.2027785523677553e+18,male,Nairobi
734,duka_mafundi,1.4580171499607327e+18,prefer not to say,Nairobi
735,JonathanNickson,1.2177162410220462e+18,male,Nairobi
736,ThomasAyoo,415571762.0,prefer not to say,Nairobi
737,BramwelI,2522984991.0,prefer not to say,Nairobi
738,AfyaFitness20,1.4355974647661937e+18,prefer not to say,Nairobi
739,shoesplanet254,1.5264631072410583e+18,prefer not to say,Nairobi
740,HonNelsonMandel,1.2771425321835438e+18,male,Nairobi
741,MarenyaJorim,1.4826628525026875e+18,prefer not to say,Nairobi
742,charlyokongo,2221423650.0,male,Nairobi
743,NaomiNgatia,448413867.0,female,Nairobi
744,ALPHONSEIHAJI,1.373993059436929e+18,prefer not to say,Nairobi
745,alexawiti,21990241.0,male,Nairobi
746,rssteve2,190219158.0,male,Nairobi
747,roume_ke,1.330643242145223e+18,prefer not to say,Mombasa
748,NyaokeMagero,9.26750014977618e+17,prefer not to say,Nairobi
749,Joseph16308081,1.160517908172288e+18,male,Nairobi
750,aongwen,545819347.0,male,Nairobi
751,FredrickOrowo,1.4789651705463972e+18,male,Nairobi
752,RailaOdinga_KE,1.5269388837950833e+18,female,Nairobi
753,S_shaddie,1.012961672925995e+18,prefer not to say,Nairobi
754,OnikaLove16,1.4858657092258898e+18,prefer not to say,Nairobi
755,Lil_Noete,8.7392626154607e+17,male,Nairobi
756,P_Conundrum,1.1261037680247356e+18,prefer not to say,Nairobi
757,KipsWilfo,1.180879586843861e+18,prefer not to say,Nairobi
758,azimio_la_umojq,1.3561604003210895e+18,prefer not to say,Nairobi
759,nganga_quest,2868992122.0,male,Nairobi
760,Cynthiakimanyi1,1.1823414654790085e+18,prefer not to say,Nakuru
761,bii_amon,7.995317503765422e+17,male,Nairobi
762,one_joj,2244005391.0,prefer not to say,Nairobi
763,MosesNgigeKE,2553692781.0,male,Thika
764,isaac_otwoma254,8.519054365802291e+17,prefer not to say,Nairobi
765,JpBrigade,1.5080335654051963e+18,prefer not to say,Nairobi
766,di_hollo,1.422524719778177e+18,prefer not to say,Nairobi
767,KoechFesto2,1.3318461134360453e+18,prefer not to say,Eldoret
768,KabueShiela,1.3920404717745723e+18,female,Nairobi
769,KithinjiDavis,1.3932168532799242e+18,prefer not to say,Nyeri
770,EdwardM83028145,1.3713285682827835e+18,male,Nairobi
771,HunnidLevi,1.2084575659375084e+18,male,Nairobi
772,AdornGardens,1.3968084109145088e+18,prefer not to say,Nairobi
773,NyoroNdindi,1257540482.0,prefer not to say,Nairobi
774,KOTsojas,1.5279355844671365e+18,prefer not to say,Nairobi
775,Ibrahadolwa,239818478.0,male,Unknown
776,Mamba_CEO,3116389990.0,prefer not to say,Nairobi
777,MwandishiMburu,9.422607663710863e+17,male,Nairobi
778,Mistake15548744,1.4441542674058568e+18,prefer not to say,Nairobi
779,yegonzshady,7.01030982091219e+17,prefer not to say,Nairobi
780,KenyansOnReddit,1.2695987338780795e+18,prefer not to say,Nairobi
781,Nairob_sneakers,1.2396369259858084e+18,prefer not to say,Nairobi
782,pattkem,495606372.0,male,Nairobi
783,KennethNjeruKE,244061635.0,male,Nairobi
784,samie_luizy,7.47795756547969e+17,prefer not to say,Unknown
785,msojanemso,105502921.0,prefer not to say,Nairobi
786,BriStars_1,1.492560841283195e+18,male,Nairobi
787,wiza_wein,1.5244977124183736e+18,prefer not to say,Nairobi
788,OliverMaaya,1.1993123695891374e+18,male,Nairobi
789,_EmmanuelKutosi,1.356904423822393e+18,male,Nairobi
790,PITAMINOR,254957689.0,prefer not to say,Nairobi
791,wambugumartin_,361455737.0,male,Nairobi
792,ShilahoIslar,1.356899986567549e+18,prefer not to say,Nairobi
793,Haron_Getui,358088325.0,prefer not to say,Nairobi
794,CMallacs,4783884552.0,prefer not to say,Nairobi
795,FelicitysolarKE,1.3163079612670648e+18,female,Nairobi
796,kidcityzen,1.1322131791766938e+18,prefer not to say,Nairobi
797,VincenteSande,1262990659.0,prefer not to say,Nairobi
798,AllanAguko,1567529658.0,male,Nairobi
799,VenusTvKenya,1.33120721276996e+18,female,Nairobi
800,calvinjoel5,4170949582.0,male,Nairobi
801,Gitaukamaudavie,3147483755.0,male,Thika
802,luqmane1,575310473.0,male,Nairobi
803,Manu_Lagat,1.1568024802751652e+18,male,Nairobi
804,moengamogeni,56722680.0,prefer not to say,Nairobi
805,DavidKamau001,1.475753803676889e+18,prefer not to say,Nairobi
806,Michael965335,8.608021717508178e+17,prefer not to say,Nairobi
807,Hon_kindiki,1563813548.0,prefer not to say,Nairobi
808,lord_tillah,8.297813205743329e+17,prefer not to say,Nairobi
809,iamPaulOwino,9.96316329404756e+17,male,Nakuru
810,WuoAbandu,1.5066399573808005e+18,male,Kisumu
811,DavidAlpha14,1.0228122961822228e+18,prefer not to say,Nairobi
812,MeItThabit,9.525997795943384e+17,prefer not to say,Nairobi
813,FlourishTVKenya,1.372903629083005e+18,prefer not to say,Kisumu
814,jackyaluvisia09,1.4859008861069025e+18,female,Nairobi
815,sodium_shoes,1.4436923741867254e+18,prefer not to say,Nairobi
816,SwaIehibrahim,2449986559.0,male,Eldoret
817,dennis_machio,1.0348917740939264e+18,prefer not to say,Nairobi
818,sue_perlita,1907010864.0,female,Nairobi
819,BlackmanIsKing2,9.857487577477284e+17,prefer not to say,Nairobi
820,SebastianKarani,1.2979744794114376e+18,male,Nairobi
821,M1Julius,1.2645605495153992e+18,prefer not to say,Nairobi
822,EzekielNgetich7,1.298973193932333e+18,prefer not to say,Nairobi
823,Kenyaatpolitics,1.4558085321718702e+18,prefer not to say,Nairobi
824,FreeHugzK,8.579550892685804e+17,male,Nairobi
825,wwwasike,503359879.0,prefer not to say,Nairobi
826,KenyanprimeNews,1.032948185260585e+18,prefer not to say,Nairobi
827,asknyaora,2875555846.0,prefer not to say,Nairobi
828,radakv,229890805.0,prefer not to say,Nairobi
829,WilliamsMkenya,4889202337.0,male,Nairobi
830,intergratedV,2554460520.0,prefer not to say,Nairobi
831,SangKip8,1.2330390787168543e+18,prefer not to say,Nakuru
832,karithielijah,2485807588.0,male,Thika
833,zhero_mochoge,7.242887832696586e+17,male,Nairobi
834,foot_solder,7.630026002497782e+17,prefer not to say,Nairobi
835,CatherineGN_,1.0950011751774822e+18,female,Nairobi
836,RIKO15232149,1.3859013151974482e+18,male,Nairobi
837,DJOtiz1,1.2258728467039887e+18,prefer not to say,Nairobi
838,CPAMutua,4178383817.0,prefer not to say,Nairobi
839,allanmmurage,1.3543960002580275e+18,prefer not to say,Nairobi
840,MuiruriSamwel,2882699733.0,prefer not to say,Nairobi
841,manodw0,1.2170490758849864e+18,prefer not to say,Mombasa
842,Mbesha94s1,9.188454434376828e+17,prefer not to say,Nairobi
843,ChrisantasYash,1.4370772355681608e+18,prefer not to say,Kisumu
844,ernest_mbeta,8.156331624160461e+17,male,Nairobi
845,KentonzNeddy,1.3474980420569702e+18,female,Nairobi
846,njarifj,1.4482234084251566e+18,male,Nairobi
847,MKabukuro,1.0820009012404264e+18,male,Eldoret
848,DianaAc68566883,1.3704546341716623e+18,female,Nairobi
849,DMRC_Kenya,2646421337.0,prefer not to say,Nairobi
850,JuliusArungu,577349458.0,male,Nairobi
851,SarangeRose,1.2245823999143365e+18,female,Nairobi
852,AppliancesGarag,8.360842898926797e+17,prefer not to say,Nairobi
853,cleochieng90,2545168493.0,prefer not to say,Kisumu
854,BovinceOmbonya,1.2177584989955482e+18,prefer not to say,Eldoret
855,AndreMully,9.365450351007948e+17,prefer not to say,Nairobi
856,mi_jupiter,1.50340433952793e+18,prefer not to say,Nairobi
857,AjingaOkumu,1.3569827982304215e+18,prefer not to say,Nairobi
858,Justkenyan1,9.658302018077244e+17,prefer not to say,Nairobi
859,nickrivals,1.4409491307261583e+18,prefer not to say,Nairobi
860,mainangai,2468808968.0,prefer not to say,Nairobi
861,michaelkigombe,1.1102373361498684e+18,male,Eldoret
862,makoniango,700678891.0,male,Nairobi
863,sonysonyia,9.858926914510234e+17,prefer not to say,Nairobi
864,SonkoNews,1.091968651652141e+18,prefer not to say,Nairobi
865,senioRofficerr,1.0863753182339768e+18,prefer not to say,Nairobi
866,Logmary_nuggets,2991592641.0,female,Mombasa
867,MwathaT,606329205.0,prefer not to say,Nyeri
868,benjumah254,3811154669.0,prefer not to say,Nairobi
869,Turk_Voices,1.361992519983186e+18,prefer not to say,Nairobi
870,lil_tpsy,1.5189496508789391e+18,prefer not to say,Unknown
871,CornageI,1.2850925415877714e+18,prefer not to say,Nairobi
872,Kiprotuchrop,1.3409424357536197e+18,prefer not to say,Nairobi
873,KalosSays,184289005.0,prefer not to say,Nairobi
874,Tito_Muema,7.357292565844705e+17,prefer not to say,Machakos
875,MwendeKimeu1,8.873562936521073e+17,prefer not to say,Nairobi
876,score_pesa,1.3351131628661678e+18,prefer not to say,Nairobi
877,jessewata254,8.832896583728292e+17,prefer not to say,Nairobi
878,brian_okeja,1.2256261457455145e+18,male,Kakamega
879,bonniekariuki,243304509.0,female,Nairobi
880,MataraInnocent,522110034.0,male,Nairobi
881,snifferchizzo,100159951.0,prefer not to say,Nairobi
882,theonlykenkario,9.543754199685448e+17,prefer not to say,Nairobi
883,manliketarget,1.292380385326891e+18,prefer not to say,Thika
884,santanaAudrey4,3317485611.0,female,Nairobi
885,araprutoo,1.204783175895044e+18,prefer not to say,Nairobi
886,ModernTrends_Ke,1.2007483312381338e+18,prefer not to say,Thika
887,Jackofallthread,1.4559820255344763e+18,prefer not to say,Nairobi
888,benkagondu,8.498625996091105e+17,prefer not to say,Nairobi
889,hustler_no_2,9.802940914675672e+17,prefer not to say,Nairobi
890,Ambrose09238829,1.490327449573507e+18,male,Nairobi
891,LilTemboo,1.0914342189100852e+18,female,Nairobi
892,PELINET22,1.4870082252580536e+18,prefer not to say,Eldoret
893,Kenny_Arimi,466489927.0,prefer not to say,Nairobi
894,Twisty0891,1.2849287524772454e+18,female,Mombasa
895,MkulimaMoja1,3030355945.0,prefer not to say,Nairobi
896,ChipondaHarris1,636443049.0,prefer not to say,Nairobi
897,Githinji__Jr,1.3543747663675515e+18,prefer not to say,Nairobi
898,EllahAbigail,1.4652487613749862e+18,female,Nairobi
899,hon_rigathi,8.807033307287675e+17,prefer not to say,Nairobi
900,mbosire6,1467483373.0,male,Nairobi
901,PAULmai19370169,1288248338.0,prefer not to say,Nanyuki
902,Alvinmwa1,8.923247485748224e+17,male,Nairobi
903,EmmanuelSananka,1.433108113620603e+18,male,Kisii
904,ObudiDaniel,9.313870883515432e+17,female,Nairobi
905,georgeoketch12,78055602.0,male,Nairobi
906,KibisuAllan,3768574637.0,male,Nairobi
907,Nattybongo57,1.3255484726160507e+18,prefer not to say,Unknown
908,AMSInsurBrokers,8.060517297583636e+17,prefer not to say,Nairobi
909,mainabrand,1.4038081302287974e+18,male,Nairobi
910,Elijahwangari42,4824339334.0,prefer not to say,Nairobi
911,019_kenyan,2156349257.0,prefer not to say,Nairobi
912,KibetKosgei5,1.3692581288864072e+18,prefer not to say,Nairobi
913,NyakoeFrank,1.1195508421248124e+18,male,Nairobi
914,its_japh,1.2454042428039168e+18,prefer not to say,Nakuru
915,essyokenyuri,96730495.0,prefer not to say,Nairobi
916,Jemobabu,2861983646.0,prefer not to say,Nairobi
917,DOngwesa,1.2963209310869627e+18,prefer not to say,Nairobi
918,jonte_cz,1.4535735398444728e+18,prefer not to say,Nairobi
919,dkgicheru,968002345.0,prefer not to say,Mombasa
920,edwinthewinner,1.4237582326784532e+18,female,Nairobi
921,Babtai,65589435.0,prefer not to say,Mombasa
922,MagicMoving_,1.048282117086634e+18,prefer not to say,Nairobi
923,Ndei_Ndei,1.1909957316639908e+18,prefer not to say,Nairobi
924,Ammar_Kassim8,1.0519735485778698e+18,prefer not to say,Nairobi
925,konjeh,226917572.0,prefer not to say,Nairobi
926,khalifawahome92,3093026901.0,prefer not to say,Nairobi
927,azilis_yummy,1.4154004196402012e+18,prefer not to say,Nairobi
928,cosmutt,460030794.0,prefer not to say,Nairobi
929,ChrispusMogwas,8.941378709481595e+17,male,Nairobi
930,japheth_sande,1.184924199955112e+18,prefer not to say,Nairobi
931,WanjikuHSC,9.357161080190976e+17,prefer not to say,Nairobi
932,e_rakki,4053580863.0,prefer not to say,Nairobi
933,EmmathequeenB,1.2153506929589166e+18,female,Nairobi
934,IsManue_,1.3712175849352888e+18,prefer not to say,Nairobi
935,la_greatke,1.4826450830401454e+18,prefer not to say,Nakuru
936,Josephgichuhi17,4872636304.0,prefer not to say,Nairobi
937,_idaIinya,1.489235120720687e+18,prefer not to say,Nairobi
938,TabithaBrendah,1.4538331646700872e+18,female,Kisumu
939,Joseochyberry,8.937099977162424e+17,male,Nairobi
940,lamar__eric,1.467931198357971e+18,male,Nairobi
941,empiremike__,1.4518905812742554e+18,prefer not to say,Nairobi
942,Rpst020,1.52009883276331e+18,prefer not to say,Nairobi
943,lenny_mwandiki,1.2380224831245926e+18,prefer not to say,Nairobi
944,Bellah_Christah,1.3564762458448978e+18,male,Nairobi
945,FrancisK_254,1608199296.0,male,Nairobi
946,spaqqz,1.2396504888591974e+18,prefer not to say,Nakuru
947,IamBeste1_,1.0038096847495044e+18,prefer not to say,Nairobi
948,Mammito12,1.3818636013765386e+18,prefer not to say,Nairobi
949,onlinefaceoff,1.0894528339157606e+18,prefer not to say,Nairobi
950,JudithJepkoech8,8.842798744956314e+17,prefer not to say,Eldoret
951,MairuraRatemo,3384307331.0,male,Nairobi
952,maggie82122213,892437648.0,female,Nairobi
953,Bnangitiyo,1.1865695877117747e+18,prefer not to say,Kakamega
954,NICKIKIMZ1,1399010820.0,male,Meru
955,jimmymuniu,135123203.0,prefer not to say,Mombasa
956,JamesWaikwa,382072222.0,prefer not to say,Mombasa
957,WeslyKym,222009656.0,prefer not to say,Nairobi
958,DanBarrister,750877531.0,male,Nairobi
959,Hassowgaiya,1.0802774029059524e+18,prefer not to say,Nairobi
960,bram_engineer,1.1620065268586004e+18,prefer not to say,Nairobi
961,JuliusMutiso14,1.1514336584919532e+18,male,Nairobi
962,BobKoech3,1.527699466676994e+18,male,Nairobi
963,msobrown22,8.861503482090496e+17,prefer not to say,Mombasa
964,RealOTIKO,4821597605.0,prefer not to say,Thika
965,Amvall254,1.2318672154331423e+18,prefer not to say,Nairobi
966,BLUstarisme,1.3030473093417247e+18,prefer not to say,Nairobi
967,Bluesman_kenya,1.2551667176990106e+18,prefer not to say,Nakuru
968,f3cci,1.2070250060284357e+18,prefer not to say,Unknown
969,hesbonmogire11,1.4754264805533532e+18,prefer not to say,Kisii
970,kingpiplord,1.5150181800450253e+18,prefer not to say,Nairobi
971,leftie_1,1.4112189310928036e+18,prefer not to say,Nairobi
972,Michael78046798,1.473359481484583e+18,prefer not to say,Kilifi
973,Kenbrianbosco,1215094620.0,prefer not to say,Kericho
974,Sousey_,1.316464854543278e+18,prefer not to say,Nairobi
975,opijah,223363269.0,male,Nairobi
976,Wangari_Gakuo,1.419411996022354e+18,prefer not to say,Nairobi
977,adipojr51,1.3896634207446016e+18,prefer not to say,Nairobi
978,MohBert1,1.25174168783727e+18,prefer not to say,Nairobi
979,MureithiNicky,1.256285259987067e+18,female,Nakuru
980,TheEvansOmondi,3300039237.0,prefer not to say,Nairobi
981,johnikahu,9.653201360382484e+17,male,Nairobi
982,Afraha_icon,1.4372860482713805e+18,prefer not to say,Nairobi
983,EngMatheka,1.4218123101050143e+18,male,Nairobi
984,allanomondi391,1.457649038027858e+18,prefer not to say,Nairobi
985,Dinohoe4ke,1.3381854028055798e+18,prefer not to say,Nanyuki
986,tembeakenyaa,1.460713887263826e+18,prefer not to say,Nairobi
987,its_vibon,1.5056827275840266e+18,prefer not to say,Nairobi
988,karaure254,1.0693103391860736e+18,male,Mombasa
989,yingyang_4eva,1.3315222364743885e+18,prefer not to say,Kisumu
990,JogooRangi,1.1239248632390532e+18,prefer not to say,Nairobi
991,liam_tweep,1.245391158802604e+18,prefer not to say,Nairobi
992,dan_mutuku254,2898342127.0,male,Nairobi
993,Ni_collo,1.394226566389973e+18,male,Nairobi
994,BakeanConcepts,3870939927.0,prefer not to say,Nairobi
995,_kenwells,7.107364437364982e+17,prefer not to say,Nairobi
996,kevinbett_,565407418.0,male,Nairobi
997,Larus354,3544097956.0,prefer not to say,Nairobi
998,ungumwendia,1550442871.0,prefer not to say,Nairobi
999,BivonDuke,1.252646519242711e+18,prefer not to say,Nairobi
1000,NewsAlerts_Ke,1.352330918766252e+18,prefer not to say,Nairobi
1001,robin__ke,1.2501747010890138e+18,prefer not to say,Nakuru
1002,shoobee111,1.4424573944836628e+18,prefer not to say,Mombasa
1003,Tessymbuguaa,1.4345730428989358e+18,female,Nairobi
1004,inbuilt_tibet,1.231861993914671e+18,prefer not to say,Nairobi
1005,itskachunee,1.299724226337878e+18,prefer not to say,Nakuru
1006,miteibet,1509613346.0,male,Unknown
1007,Lord_Olelieza,413038728.0,male,Nairobi
1008,Lilcaphy,1.403830521403265e+18,prefer not to say,Nairobi
1009,Rajini_Nicholas,1.3489527416962048e+18,prefer not to say,Machakos
1010,TubmanOdoyo,887285448.0,prefer not to say,Nairobi
1011,stewartdemich,2945400202.0,male,Mombasa
1012,Tonnie_Kroos,1.2488684757219942e+18,prefer not to say,Nairobi
1013,DenviQ_Kenya,1.2979305383853793e+18,prefer not to say,Nairobi
1014,badgirlsbible_0,1.2495805717408522e+18,male,Nairobi
1015,SirKoech,18043755.0,male,Nairobi
1016,ghafla_kenya,9.67790472772178e+17,prefer not to say,Nairobi
1017,Mr_ephra_cfc,595327847.0,male,Meru
1018,Mosbeybz,8.57847844266537e+17,male,Eldoret
1019,allan_kiborek,1278857335.0,prefer not to say,Nairobi
1020,__marcelo2,1.4297388553773425e+18,prefer not to say,Nairobi
1021,EzraOndara,322611246.0,male,Nairobi
1022,de_wach,310807378.0,male,Nairobi
1023,EdwinAndabwa,1030360417.0,male,Nairobi
1024,Migwi_Ndungu,3390607606.0,prefer not to say,Nairobi
1025,wambuijohnson,7.437235568406938e+17,male,Nairobi
1026,crystalbeautypl,1.3128444210592727e+18,female,Nairobi
1027,dennostepper7,1.256539673914151e+18,prefer not to say,Nairobi
1028,GodfearingDude,54986954.0,prefer not to say,Nairobi
1029,kibettigit,9.122247288610202e+17,prefer not to say,Nairobi
1030,MutumaKenn,1.393338819123073e+18,male,Thika
1031,JosephKitonga4,8.708638391931658e+17,male,Nairobi
1032,wangui_ngirci,1.4079658912712704e+18,female,Nairobi
1033,BoniKanyuira,1880540610.0,prefer not to say,Nairobi
1034,Dicesounds,1.313528914380288e+18,prefer not to say,Nairobi
1035,spoiler77521449,1.38785239847612e+18,prefer not to say,Nairobi
1036,MsaTopBlogger,1.259380139433091e+18,prefer not to say,Mombasa
1037,Its_Kipsang,1.166579730855977e+18,prefer not to say,Eldoret
1038,Kifaru_Insome,1248007506.0,prefer not to say,Nairobi
1039,Baxsan10,1.343589637219119e+18,prefer not to say,Nairobi
1040,EngOkora,1.5096503043751813e+18,prefer not to say,Nairobi
1041,KenAdera,347148651.0,female,Nairobi
1042,SharonNaserian6,1.4878934765827768e+18,female,Nairobi
1043,Berlin29Ke,1.4148232939626578e+18,prefer not to say,Nairobi
1044,JoeAsali,852413863.0,prefer not to say,Nairobi
1045,mykol_Kinsley,1.189594304253182e+18,prefer not to say,Nairobi
1046,TechniquesPowe1,1.4442550280641782e+18,prefer not to say,Nairobi
1047,Kimaru_Bett,1469395627.0,prefer not to say,Nairobi
1048,KEVINFRANCOKEV1,1.086893646207746e+18,male,Nairobi
1049,JaneSige,1.3027527835783004e+18,female,Nairobi
1050,benayawawire,572373739.0,prefer not to say,Nairobi
1051,el_ngoya,107003050.0,prefer not to say,Nairobi
1052,kimsmann,270254973.0,prefer not to say,Nairobi
1053,Deeramt,1.3540688876173435e+18,prefer not to say,Nairobi
1054,MwauraMbugua_,1.2905850807259996e+18,prefer not to say,Unknown
1055,VKwoma,1.1445930353444536e+18,male,Nairobi
1056,duoncorleone,198426593.0,male,Unknown
1057,streetking_ke,1.248157007800152e+18,prefer not to say,Nairobi
1058,PatrickKahonge,1565794764.0,male,Nairobi
1059,Paul03238130,1.4470960944087818e+18,male,Nairobi
1060,Harnicho1,2445180075.0,prefer not to say,Unknown
1061,nderitu_kevyn,9.218622339609272e+17,prefer not to say,Nairobi
1062,Felistakare,8.978015173565276e+17,prefer not to say,Thika
1063,chepdebby,2589308553.0,female,Nairobi
1064,mutethiafredie,1.2727523686738616e+18,male,Nairobi
1065,254_don,1876471026.0,male,Nairobi
1066,FreewordKE,1.451148918637613e+18,prefer not to say,Nairobi
1067,JacktonV,9.18507034378752e+17,prefer not to say,Nairobi
1068,GichuhiwaNjogu,8.666208871597793e+17,prefer not to say,Nairobi
1069,kimathi_gitonga,1960761854.0,prefer not to say,Nairobi
1070,DaudiPhil,2930489008.0,prefer not to say,Naivasha
1071,Eugene_Ashiundu,1.0028264482127748e+18,prefer not to say,Kakamega
1072,Ambrosetaracha7,1.445074239304999e+18,prefer not to say,Nairobi
1073,NgaoMark,8.424071047533527e+17,prefer not to say,Nairobi
1074,DannyGreat9,1.2213181274111754e+18,prefer not to say,Thika
1075,korirkipvin,481040710.0,male,Nairobi
1076,sharonkoriryo,2607910925.0,prefer not to say,Eldoret
1077,Willikims,745506012.0,male,Nairobi
1078,KiturDickson,1.1167848418470788e+18,prefer not to say,Nairobi
1079,Chesirecornes,314443657.0,prefer not to say,Nairobi
1080,towett_larry,1.4439711398569124e+18,prefer not to say,Nairobi
1081,PigfarmerSamia,1.3123776599938458e+18,male,Nairobi
1082,SoliteiK,1.0705844386549432e+18,prefer not to say,Nairobi
1083,Renegade_KE,116014111.0,male,Nairobi
1084,stineyegon,8.223112065305805e+17,prefer not to say,Nakuru
1085,kelvinkabu,4780942037.0,male,Nairobi
1086,QueenFatumah,1.3880343638420808e+18,female,Nairobi
1087,Shibalirajacque,7.697892301303562e+17,female,Nairobi
1088,Felix_Serem,1929350952.0,male,Nairobi
1089,MalikSurum,1.4250717416432353e+18,male,Unknown
1090,vic_tumitumi,1.2473828199842857e+18,male,Nairobi
1091,AaronMutai5,9.80104542619566e+17,male,Nairobi
1092,Kandie_Nk,2190280149.0,prefer not to say,Nairobi
1093,samndirangu10,2508084126.0,prefer not to say,Nairobi
1094,ischtka,150620506.0,prefer not to say,Nairobi
1095,viral_chiku,1590945654.0,prefer not to say,Nairobi
1096,BonvicKiptoo,9.51516184532353e+17,prefer not to say,Eldoret
1097,Raphael332074,1.369651832981762e+18,prefer not to say,Nairobi
1098,JAMWAMU,266507655.0,male,Nairobi
1099,Hela4Senator,1.4054795725152625e+18,prefer not to say,Nairobi
1100,dennnnis_king,1.246441702048641e+18,prefer not to say,Machakos
1101,chebii_joan,8.651822915004416e+17,female,Nairobi
1102,Rwantess,1.0231937941020918e+18,female,Eldoret
1103,Dansan_Eminen,942847634.0,prefer not to say,Nairobi
1104,ja_nyakach,4844479168.0,prefer not to say,Nairobi
1105,IsaackKibet10,1.444266781368062e+18,female,Nairobi
1106,kiprono_kip,1740806809.0,prefer not to say,Nairobi
1107,7Dennilson,1.1591569411528008e+18,male,Meru
1108,UsainAlly,1.504021411274367e+18,female,Nairobi
1109,chris_natuleng,4234436067.0,male,Nairobi
1110,DrSWilliamRuto,4023046335.0,male,Nairobi
1111,PMugoMugo,254139236.0,prefer not to say,Nairobi
1112,Murimi_Mwai01,8.000222538156278e+17,prefer not to say,Nairobi
1113,Maxi_7714_,1.4678850353993073e+18,prefer not to say,Nairobi
1114,kib3tt,8.426948890496123e+17,male,Nairobi
1115,TheeJackson_,1502780707.0,prefer not to say,Nairobi
1116,Kecheii001,1.5090870306550456e+18,male,Mombasa
1117,KiptooRuto_,8.90142050708009e+17,prefer not to say,Nairobi
1118,hhammua1,9.489705729728102e+17,male,Nakuru
1119,abukoabuko20,1.341709600630993e+18,prefer not to say,Nairobi
1120,dcijuja,1.4198714835648635e+18,prefer not to say,Nairobi
1121,kimusta,76274573.0,male,Nakuru
1122,Jonngc,1.386963986848129e+18,prefer not to say,Nairobi
1123,SelinaTeyie,7.861714931054264e+17,prefer not to say,Nairobi
1124,selemani_kenya,1.2028331287940137e+18,prefer not to say,Malindi
1125,VictorBartoo,358054449.0,male,Nakuru
1126,NjoguCasto,1404661405.0,prefer not to say,Nairobi
1127,BarmasaBarmasa,962838792.0,prefer not to say,Nairobi
1128,tabani_anthony,1.0131098453047951e+18,male,Nairobi
1129,ItsKibet254,2539426672.0,prefer not to say,Nairobi
1130,chrisheartbit,472029325.0,prefer not to say,Nairobi
1131,MybigorderKe,1683042660.0,prefer not to say,Nairobi
1132,leomtetezy,2764545879.0,prefer not to say,Nairobi
1133,CursorSuppliers,1.2808985343557427e+18,prefer not to say,Nairobi
1134,Ntomugania,9.131028960146884e+17,prefer not to say,Nairobi
1135,KinyuaMuchoki,1.2533219670185e+18,prefer not to say,Nairobi
1136,BeingCheruu,3321040162.0,prefer not to say,Nairobi
1137,CypKim,4058150716.0,male,Nairobi
1138,karenmwakio,1.1924470881325384e+18,female,Nairobi
1139,dougie_gathitu,8.58015881519149e+17,male,Nairobi
1140,jossyKe10,1.51864236485163e+18,prefer not to say,Nairobi
1141,DjibrilJuma,2871488297.0,prefer not to say,Kakamega
1142,Stephenmacha2,8.322351018912276e+17,male,Nairobi
1143,RobjunLimited,1380815491.0,prefer not to say,Nairobi
1144,bbg_Nancy,1.49420722756087e+18,female,Nakuru
1145,muigai_Nywele,7.629371363205079e+17,prefer not to say,Nairobi
1146,IvyGaku,283996170.0,female,Nairobi
1147,MkulimaBm,1.3645204335722824e+18,prefer not to say,Unknown
1148,PloSigei,1.0587358287327028e+18,prefer not to say,Nairobi
1149,youngkayla2000,1.5112675374970798e+18,prefer not to say,Kisii
1150,Alex_Ogada,2748696600.0,male,Nairobi
1151,Kapengurian,1.2461046778985062e+18,prefer not to say,Nairobi
1152,alphoncetiffz,2310219122.0,prefer not to say,Mombasa
1153,maryatieno2011,1889919132.0,prefer not to say,Nairobi
1154,Abdiqadir_H_A,1.4613192515753288e+18,male,Nairobi
1155,alex_njuguna17,1.0549593869453148e+18,male,Thika
1156,CollinsKibetKo3,1.159761921798787e+18,prefer not to say,Unknown
1157,Gandalf_vih,7.33312328259756e+17,prefer not to say,Nairobi
1158,Dennoh_kelly,1.2550358625990533e+18,prefer not to say,Nairobi
1159,Nyargidaktari,1.1839939383042212e+18,prefer not to say,Nairobi
1160,Fling_Guss,1.3775469945085706e+18,male,Nairobi
1161,DonJay_07,7.427839073435443e+17,prefer not to say,Nairobi
1162,Luciann254,1.257739335866159e+18,prefer not to say,Nairobi
1163,chumba_1801,1.2666967955828e+18,prefer not to say,Kitale
1164,Bonniekaf,1.524933644879536e+18,prefer not to say,Nairobi
1165,Leroy_254,1.400836702780985e+18,prefer not to say,Nairobi
1166,KoganjoKE,1.251123148541608e+18,prefer not to say,Nairobi
1167,kibet_too,1054759940.0,prefer not to say,Nairobi
1168,SheillahMambo,988458350.0,prefer not to say,Nakuru
1169,kirimifrank8,9.752521986355732e+17,prefer not to say,Meru
1170,djtosh31,7.959366949146542e+17,prefer not to say,Nairobi
1171,_KibetClinton,9.788699454371268e+17,prefer not to say,Nakuru
1172,veak_arts,9.579664240725074e+17,male,Nairobi
1173,BobOtienoOwino,2560070297.0,male,Kisumu
1174,kemboikips04,7.556458184226284e+17,prefer not to say,Nairobi
1175,kuriazach,235594860.0,prefer not to say,Nairobi
1176,Kyule254,911093941.0,male,Nairobi
1177,HonAbdik,1611278491.0,prefer not to say,Nairobi
1178,vinnieomegah,3316904407.0,prefer not to say,Nairobi
1179,nichomaingi,102619105.0,prefer not to say,Nairobi
1180,elsonTys1,1.263907735042691e+18,prefer not to say,Nairobi
1181,tim_kasimolo,115665808.0,male,Nairobi
1182,albert_chiro,1.0229444612220396e+18,prefer not to say,Mombasa
1183,qybe_marlaw,2832582316.0,prefer not to say,Eldoret
1184,otieno_elija,8.759326623383347e+17,prefer not to say,Mombasa
1185,nic_deemamany,224126124.0,male,Nairobi
1186,brianlelimo,4373160267.0,prefer not to say,Nairobi
1187,MugoKenny,7.165666744309023e+17,prefer not to say,Naivasha
1188,VinnyyobzK,1.272329437279912e+18,prefer not to say,Nairobi
1189,mocemartin,264022432.0,prefer not to say,Nairobi
1190,KE100V_KE100V,9.112430523537162e+17,prefer not to say,Nairobi
1191,festus_kenga,2730412739.0,male,Mombasa
1192,RuttoHon,1.5269391131816632e+18,male,Eldoret
1193,kgitonga67,2397320446.0,prefer not to say,Nairobi
1194,PhinyNamu,2405604923.0,prefer not to say,Nairobi
1195,WillyKpsony,2148527212.0,male,Eldoret
1196,Sanjotz,8.891312759944929e+17,prefer not to say,Nairobi
1197,JWangto,1.2652839200624476e+18,prefer not to say,Nairobi
1198,wagurasam,2290316231.0,male,Nairobi
1199,Rotichk2,1.0555959971649004e+18,prefer not to say,Nairobi
1200,LawrenceKibet,372410397.0,male,Nakuru
1201,mugojay895,7.296310375427809e+17,male,Nairobi
1202,Echolnk,285281626.0,prefer not to say,Nairobi
1203,MiqChelsea,1.1535720626209997e+18,male,Thika
1204,100Manoti,344627728.0,prefer not to say,Nairobi
1205,estherkaya344,1.515738854636073e+18,prefer not to say,Nairobi
1206,am_josphat,141161332.0,prefer not to say,Nairobi
1207,EngineerAron,1.090351089390678e+18,male,Nairobi
1208,EzbonCheruiyot,1.4360554454546596e+18,prefer not to say,Nairobi
1209,endrymwaka,923140136.0,prefer not to say,Nairobi
1210,isaacka97,8.051384550680248e+17,male,Nairobi
1211,jim_munene,8.025289633902715e+17,male,Nairobi
1212,KorosIvan,1.1876236886041764e+18,male,Eldoret
1213,dunny_33ke,1.0638618451555656e+18,male,Mombasa
1214,c_murugi4,1.246534299815469e+18,prefer not to say,Nairobi
1215,mudfishKenya,1.0446249388570584e+18,prefer not to say,Nairobi
1216,itsdanteh_,1.4177811749870715e+18,prefer not to say,Nairobi
1217,MuneneWaNjeru,867954612.0,prefer not to say,Nairobi
1218,Alvinmwa1,8.923247485748224e+17,prefer not to say,Nairobi
